[{"model": "admin.logentry", "pk": 1, "fields": {"action_time": "2023-11-21T22:35:36.798Z", "user": 1, "content_type": 4, "object_id": "2", "object_repr": "user1", "action_flag": 1, "change_message": "[{\"added\": {}}]"}}, {"model": "admin.logentry", "pk": 2, "fields": {"action_time": "2023-11-21T22:36:13.815Z", "user": 1, "content_type": 4, "object_id": "3", "object_repr": "user2", "action_flag": 1, "change_message": "[{\"added\": {}}]"}}, {"model": "admin.logentry", "pk": 3, "fields": {"action_time": "2023-11-21T22:36:19.448Z", "user": 1, "content_type": 4, "object_id": "4", "object_repr": "user3", "action_flag": 1, "change_message": "[{\"added\": {}}]"}}, {"model": "admin.logentry", "pk": 4, "fields": {"action_time": "2023-11-21T22:36:37.715Z", "user": 1, "content_type": 4, "object_id": "5", "object_repr": "user4", "action_flag": 1, "change_message": "[{\"added\": {}}]"}}, {"model": "admin.logentry", "pk": 5, "fields": {"action_time": "2023-11-21T22:36:44.387Z", "user": 1, "content_type": 4, "object_id": "6", "object_repr": "user5", "action_flag": 1, "change_message": "[{\"added\": {}}]"}}, {"model": "admin.logentry", "pk": 6, "fields": {"action_time": "2023-11-21T22:40:17.419Z", "user": 1, "content_type": 8, "object_id": "1", "object_repr": "Seeker object (1)", "action_flag": 1, "change_message": "[{\"added\": {}}]"}}, {"model": "admin.logentry", "pk": 7, "fields": {"action_time": "2023-11-21T22:40:50.944Z", "user": 1, "content_type": 8, "object_id": "2", "object_repr": "Seeker object (2)", "action_flag": 1, "change_message": "[{\"added\": {}}]"}}, {"model": "admin.logentry", "pk": 8, "fields": {"action_time": "2023-11-21T22:42:35.732Z", "user": 1, "content_type": 7, "object_id": "1", "object_repr": "Shelter object (1)", "action_flag": 1, "change_message": "[{\"added\": {}}]"}}, {"model": "admin.logentry", "pk": 9, "fields": {"action_time": "2023-11-21T22:42:45.925Z", "user": 1, "content_type": 8, "object_id": "1", "object_repr": "Seeker object (1)", "action_flag": 2, "change_message": "[{\"changed\": {\"fields\": [\"Phone number\"]}}]"}}, {"model": "admin.logentry", "pk": 10, "fields": {"action_time": "2023-11-21T22:42:54.964Z", "user": 1, "content_type": 8, "object_id": "2", "object_repr": "Seeker object (2)", "action_flag": 2, "change_message": "[{\"changed\": {\"fields\": [\"Phone number\"]}}]"}}, {"model": "admin.logentry", "pk": 11, "fields": {"action_time": "2023-11-21T22:43:39.793Z", "user": 1, "content_type": 7, "object_id": "2", "object_repr": "Shelter object (2)", "action_flag": 1, "change_message": "[{\"added\": {}}]"}}, {"model": "admin.logentry", "pk": 12, "fields": {"action_time": "2023-11-21T22:44:44.327Z", "user": 1, "content_type": 7, "object_id": "3", "object_repr": "Shelter object (3)", "action_flag": 1, "change_message": "[{\"added\": {}}]"}}, {"model": "admin.logentry", "pk": 13, "fields": {"action_time": "2023-11-21T23:25:05.822Z", "user": 1, "content_type": 15, "object_id": "1", "object_repr": "Pet object (1)", "action_flag": 1, "change_message": "[{\"added\": {}}]"}}, {"model": "admin.logentry", "pk": 14, "fields": {"action_time": "2023-11-21T23:26:11.102Z", "user": 1, "content_type": 15, "object_id": "2", "object_repr": "Pet object (2)", "action_flag": 1, "change_message": "[{\"added\": {}}]"}}, {"model": "admin.logentry", "pk": 15, "fields": {"action_time": "2023-11-21T23:26:44.180Z", "user": 1, "content_type": 15, "object_id": "3", "object_repr": "Pet object (3)", "action_flag": 1, "change_message": "[{\"added\": {}}]"}}, {"model": "admin.logentry", "pk": 16, "fields": {"action_time": "2023-11-21T23:27:38.518Z", "user": 1, "content_type": 15, "object_id": "4", "object_repr": "Pet object (4)", "action_flag": 1, "change_message": "[{\"added\": {}}]"}}, {"model": "admin.logentry", "pk": 17, "fields": {"action_time": "2023-11-21T23:28:08.645Z", "user": 1, "content_type": 15, "object_id": "5", "object_repr": "Pet object (5)", "action_flag": 1, "change_message": "[{\"added\": {}}]"}}, {"model": "admin.logentry", "pk": 18, "fields": {"action_time": "2023-11-21T23:28:35.346Z", "user": 1, "content_type": 15, "object_id": "6", "object_repr": "Pet object (6)", "action_flag": 1, "change_message": "[{\"added\": {}}]"}}, {"model": "admin.logentry", "pk": 19, "fields": {"action_time": "2023-11-21T23:29:28.393Z", "user": 1, "content_type": 15, "object_id": "7", "object_repr": "Pet object (7)", "action_flag": 1, "change_message": "[{\"added\": {}}]"}}, {"model": "admin.logentry", "pk": 20, "fields": {"action_time": "2023-11-21T23:30:46.077Z", "user": 1, "content_type": 15, "object_id": "8", "object_repr": "Pet object (8)", "action_flag": 1, "change_message": "[{\"added\": {}}]"}}, {"model": "admin.logentry", "pk": 21, "fields": {"action_time": "2023-11-21T23:32:35.276Z", "user": 1, "content_type": 15, "object_id": "9", "object_repr": "Pet object (9)", "action_flag": 1, "change_message": "[{\"added\": {}}]"}}, {"model": "admin.logentry", "pk": 22, "fields": {"action_time": "2023-11-21T23:33:11.419Z", "user": 1, "content_type": 15, "object_id": "10", "object_repr": "Pet object (10)", "action_flag": 1, "change_message": "[{\"added\": {}}]"}}, {"model": "admin.logentry", "pk": 23, "fields": {"action_time": "2023-11-21T23:34:02.475Z", "user": 1, "content_type": 15, "object_id": "11", "object_repr": "Pet object (11)", "action_flag": 1, "change_message": "[{\"added\": {}}]"}}, {"model": "admin.logentry", "pk": 24, "fields": {"action_time": "2023-11-21T23:35:24.659Z", "user": 1, "content_type": 15, "object_id": "12", "object_repr": "Pet object (12)", "action_flag": 1, "change_message": "[{\"added\": {}}]"}}, {"model": "admin.logentry", "pk": 25, "fields": {"action_time": "2023-11-21T23:35:43.447Z", "user": 1, "content_type": 15, "object_id": "10", "object_repr": "Pet object (10)", "action_flag": 2, "change_message": "[{\"changed\": {\"fields\": [\"Status\"]}}]"}}, {"model": "admin.logentry", "pk": 26, "fields": {"action_time": "2023-11-21T23:35:53.953Z", "user": 1, "content_type": 15, "object_id": "8", "object_repr": "Pet object (8)", "action_flag": 2, "change_message": "[{\"changed\": {\"fields\": [\"Status\"]}}]"}}, {"model": "admin.logentry", "pk": 27, "fields": {"action_time": "2023-11-21T23:36:03.439Z", "user": 1, "content_type": 15, "object_id": "7", "object_repr": "Pet object (7)", "action_flag": 2, "change_message": "[{\"changed\": {\"fields\": [\"Status\"]}}]"}}, {"model": "admin.logentry", "pk": 28, "fields": {"action_time": "2023-11-21T23:36:13.215Z", "user": 1, "content_type": 15, "object_id": "6", "object_repr": "Pet object (6)", "action_flag": 2, "change_message": "[{\"changed\": {\"fields\": [\"Status\"]}}]"}}, {"model": "admin.logentry", "pk": 29, "fields": {"action_time": "2023-11-21T23:36:18.782Z", "user": 1, "content_type": 15, "object_id": "4", "object_repr": "Pet object (4)", "action_flag": 2, "change_message": "[]"}}, {"model": "admin.logentry", "pk": 30, "fields": {"action_time": "2023-11-21T23:36:21.964Z", "user": 1, "content_type": 15, "object_id": "5", "object_repr": "Pet object (5)", "action_flag": 2, "change_message": "[]"}}, {"model": "admin.logentry", "pk": 31, "fields": {"action_time": "2023-11-21T23:36:27.872Z", "user": 1, "content_type": 15, "object_id": "3", "object_repr": "Pet object (3)", "action_flag": 2, "change_message": "[{\"changed\": {\"fields\": [\"Status\"]}}]"}}, {"model": "admin.logentry", "pk": 32, "fields": {"action_time": "2023-11-21T23:36:33.045Z", "user": 1, "content_type": 15, "object_id": "2", "object_repr": "Pet object (2)", "action_flag": 2, "change_message": "[{\"changed\": {\"fields\": [\"Status\"]}}]"}}, {"model": "admin.logentry", "pk": 33, "fields": {"action_time": "2023-11-21T23:36:37.311Z", "user": 1, "content_type": 15, "object_id": "1", "object_repr": "Pet object (1)", "action_flag": 2, "change_message": "[]"}}, {"model": "admin.logentry", "pk": 34, "fields": {"action_time": "2023-11-21T23:37:17.820Z", "user": 1, "content_type": 15, "object_id": "13", "object_repr": "Pet object (13)", "action_flag": 1, "change_message": "[{\"added\": {}}]"}}, {"model": "admin.logentry", "pk": 35, "fields": {"action_time": "2023-11-21T23:46:39.167Z", "user": 1, "content_type": 16, "object_id": "1", "object_repr": "Application object (1)", "action_flag": 1, "change_message": "[{\"added\": {}}]"}}, {"model": "admin.logentry", "pk": 36, "fields": {"action_time": "2023-11-21T23:46:55.001Z", "user": 1, "content_type": 16, "object_id": "2", "object_repr": "Application object (2)", "action_flag": 1, "change_message": "[{\"added\": {}}]"}}, {"model": "admin.logentry", "pk": 37, "fields": {"action_time": "2023-11-21T23:48:48.282Z", "user": 1, "content_type": 15, "object_id": "4", "object_repr": "Pet object (4)", "action_flag": 2, "change_message": "[{\"changed\": {\"fields\": [\"Shelter\"]}}]"}}, {"model": "admin.logentry", "pk": 38, "fields": {"action_time": "2023-11-21T23:49:00.028Z", "user": 1, "content_type": 15, "object_id": "7", "object_repr": "Pet object (7)", "action_flag": 2, "change_message": "[{\"changed\": {\"fields\": [\"Shelter\"]}}]"}}, {"model": "admin.logentry", "pk": 39, "fields": {"action_time": "2023-11-21T23:49:07.095Z", "user": 1, "content_type": 15, "object_id": "8", "object_repr": "Pet object (8)", "action_flag": 2, "change_message": "[{\"changed\": {\"fields\": [\"Shelter\"]}}]"}}, {"model": "admin.logentry", "pk": 40, "fields": {"action_time": "2023-11-21T23:49:10.812Z", "user": 1, "content_type": 15, "object_id": "8", "object_repr": "Pet object (8)", "action_flag": 2, "change_message": "[{\"changed\": {\"fields\": [\"Shelter\"]}}]"}}, {"model": "admin.logentry", "pk": 41, "fields": {"action_time": "2023-11-21T23:49:15.207Z", "user": 1, "content_type": 15, "object_id": "8", "object_repr": "Pet object (8)", "action_flag": 2, "change_message": "[{\"changed\": {\"fields\": [\"Shelter\"]}}]"}}, {"model": "admin.logentry", "pk": 42, "fields": {"action_time": "2023-11-21T23:49:18.638Z", "user": 1, "content_type": 15, "object_id": "9", "object_repr": "Pet object (9)", "action_flag": 2, "change_message": "[{\"changed\": {\"fields\": [\"Shelter\"]}}]"}}, {"model": "admin.logentry", "pk": 43, "fields": {"action_time": "2023-11-21T23:49:21.801Z", "user": 1, "content_type": 15, "object_id": "10", "object_repr": "Pet object (10)", "action_flag": 2, "change_message": "[{\"changed\": {\"fields\": [\"Shelter\"]}}]"}}, {"model": "admin.logentry", "pk": 44, "fields": {"action_time": "2023-11-21T23:49:24.998Z", "user": 1, "content_type": 15, "object_id": "11", "object_repr": "Pet object (11)", "action_flag": 2, "change_message": "[{\"changed\": {\"fields\": [\"Shelter\"]}}]"}}, {"model": "admin.logentry", "pk": 45, "fields": {"action_time": "2023-11-21T23:49:28.321Z", "user": 1, "content_type": 15, "object_id": "12", "object_repr": "Pet object (12)", "action_flag": 2, "change_message": "[{\"changed\": {\"fields\": [\"Shelter\"]}}]"}}, {"model": "admin.logentry", "pk": 46, "fields": {"action_time": "2023-11-21T23:50:22.091Z", "user": 1, "content_type": 16, "object_id": "3", "object_repr": "Application object (3)", "action_flag": 1, "change_message": "[{\"added\": {}}]"}}, {"model": "admin.logentry", "pk": 47, "fields": {"action_time": "2023-11-21T23:51:03.112Z", "user": 1, "content_type": 16, "object_id": "4", "object_repr": "Application object (4)", "action_flag": 1, "change_message": "[{\"added\": {}}]"}}, {"model": "admin.logentry", "pk": 48, "fields": {"action_time": "2023-11-21T23:51:16.072Z", "user": 1, "content_type": 16, "object_id": "5", "object_repr": "Application object (5)", "action_flag": 1, "change_message": "[{\"added\": {}}]"}}, {"model": "admin.logentry", "pk": 49, "fields": {"action_time": "2023-11-21T23:51:26.263Z", "user": 1, "content_type": 16, "object_id": "6", "object_repr": "Application object (6)", "action_flag": 1, "change_message": "[{\"added\": {}}]"}}, {"model": "admin.logentry", "pk": 50, "fields": {"action_time": "2023-11-21T23:51:37.110Z", "user": 1, "content_type": 16, "object_id": "7", "object_repr": "Application object (7)", "action_flag": 1, "change_message": "[{\"added\": {}}]"}}, {"model": "admin.logentry", "pk": 51, "fields": {"action_time": "2023-11-21T23:51:49.867Z", "user": 1, "content_type": 16, "object_id": "8", "object_repr": "Application object (8)", "action_flag": 1, "change_message": "[{\"added\": {}}]"}}, {"model": "admin.logentry", "pk": 52, "fields": {"action_time": "2023-11-21T23:54:11.771Z", "user": 1, "content_type": 16, "object_id": "9", "object_repr": "Application object (9)", "action_flag": 1, "change_message": "[{\"added\": {}}]"}}, {"model": "admin.logentry", "pk": 53, "fields": {"action_time": "2023-11-21T23:55:28.287Z", "user": 1, "content_type": 10, "object_id": "1", "object_repr": "ApplicationComment object (1)", "action_flag": 1, "change_message": "[{\"added\": {}}]"}}, {"model": "admin.logentry", "pk": 54, "fields": {"action_time": "2023-11-21T23:56:06.257Z", "user": 1, "content_type": 10, "object_id": "2", "object_repr": "ApplicationComment object (2)", "action_flag": 1, "change_message": "[{\"added\": {}}]"}}, {"model": "admin.logentry", "pk": 55, "fields": {"action_time": "2023-11-21T23:56:20.254Z", "user": 1, "content_type": 10, "object_id": "3", "object_repr": "ApplicationComment object (3)", "action_flag": 1, "change_message": "[{\"added\": {}}]"}}, {"model": "admin.logentry", "pk": 56, "fields": {"action_time": "2023-11-21T23:56:28.504Z", "user": 1, "content_type": 10, "object_id": "4", "object_repr": "ApplicationComment object (4)", "action_flag": 1, "change_message": "[{\"added\": {}}]"}}, {"model": "admin.logentry", "pk": 57, "fields": {"action_time": "2023-11-21T23:56:36.160Z", "user": 1, "content_type": 10, "object_id": "5", "object_repr": "ApplicationComment object (5)", "action_flag": 1, "change_message": "[{\"added\": {}}]"}}, {"model": "admin.logentry", "pk": 58, "fields": {"action_time": "2023-11-21T23:56:41.788Z", "user": 1, "content_type": 10, "object_id": "6", "object_repr": "ApplicationComment object (6)", "action_flag": 1, "change_message": "[{\"added\": {}}]"}}, {"model": "admin.logentry", "pk": 59, "fields": {"action_time": "2023-11-21T23:58:06.166Z", "user": 1, "content_type": 9, "object_id": "1", "object_repr": "Comment object (1)", "action_flag": 1, "change_message": "[{\"added\": {}}]"}}, {"model": "admin.logentry", "pk": 60, "fields": {"action_time": "2023-11-21T23:58:47.222Z", "user": 1, "content_type": 9, "object_id": "2", "object_repr": "Comment object (2)", "action_flag": 1, "change_message": "[{\"added\": {}}]"}}, {"model": "admin.logentry", "pk": 61, "fields": {"action_time": "2023-11-21T23:58:55.856Z", "user": 1, "content_type": 9, "object_id": "3", "object_repr": "Comment object (3)", "action_flag": 1, "change_message": "[{\"added\": {}}]"}}, {"model": "admin.logentry", "pk": 62, "fields": {"action_time": "2023-11-21T23:59:23.707Z", "user": 1, "content_type": 9, "object_id": "4", "object_repr": "Comment object (4)", "action_flag": 1, "change_message": "[{\"added\": {}}]"}}, {"model": "admin.logentry", "pk": 63, "fields": {"action_time": "2023-11-21T23:59:39.663Z", "user": 1, "content_type": 9, "object_id": "5", "object_repr": "Comment object (5)", "action_flag": 1, "change_message": "[{\"added\": {}}]"}}, {"model": "admin.logentry", "pk": 64, "fields": {"action_time": "2023-11-21T23:59:49.524Z", "user": 1, "content_type": 9, "object_id": "6", "object_repr": "Comment object (6)", "action_flag": 1, "change_message": "[{\"added\": {}}]"}}, {"model": "admin.logentry", "pk": 65, "fields": {"action_time": "2023-11-22T00:43:01.182Z", "user": 1, "content_type": 4, "object_id": "4", "object_repr": "user3", "action_flag": 2, "change_message": "[{\"changed\": {\"fields\": [\"password\"]}}]"}}, {"model": "admin.logentry", "pk": 66, "fields": {"action_time": "2023-11-22T00:45:41.865Z", "user": 1, "content_type": 4, "object_id": "6", "object_repr": "user5", "action_flag": 2, "change_message": "[{\"changed\": {\"fields\": [\"password\"]}}]"}}, {"model": "admin.logentry", "pk": 67, "fields": {"action_time": "2023-11-22T00:48:51.002Z", "user": 1, "content_type": 4, "object_id": "3", "object_repr": "user2", "action_flag": 2, "change_message": "[{\"changed\": {\"fields\": [\"password\"]}}]"}}, {"model": "admin.logentry", "pk": 68, "fields": {"action_time": "2023-11-22T00:49:03.777Z", "user": 1, "content_type": 4, "object_id": "5", "object_repr": "user4", "action_flag": 2, "change_message": "[{\"changed\": {\"fields\": [\"password\"]}}]"}}, {"model": "admin.logentry", "pk": 69, "fields": {"action_time": "2023-11-22T00:51:15.316Z", "user": 1, "content_type": 13, "object_id": "4", "object_repr": "ApplicationNotification object (4)", "action_flag": 3, "change_message": ""}}, {"model": "admin.logentry", "pk": 70, "fields": {"action_time": "2023-11-22T19:16:32.280Z", "user": 1, "content_type": 16, "object_id": "10", "object_repr": "Application object (10)", "action_flag": 1, "change_message": "[{\"added\": {}}]"}}, {"model": "admin.logentry", "pk": 71, "fields": {"action_time": "2023-11-22T19:16:45.703Z", "user": 1, "content_type": 16, "object_id": "11", "object_repr": "Application object (11)", "action_flag": 1, "change_message": "[{\"added\": {}}]"}}, {"model": "admin.logentry", "pk": 72, "fields": {"action_time": "2023-11-22T19:16:55.483Z", "user": 1, "content_type": 16, "object_id": "12", "object_repr": "Application object (12)", "action_flag": 1, "change_message": "[{\"added\": {}}]"}}, {"model": "auth.permission", "pk": 1, "fields": {"name": "Can add log entry", "content_type": 1, "codename": "add_logentry"}}, {"model": "auth.permission", "pk": 2, "fields": {"name": "Can change log entry", "content_type": 1, "codename": "change_logentry"}}, {"model": "auth.permission", "pk": 3, "fields": {"name": "Can delete log entry", "content_type": 1, "codename": "delete_logentry"}}, {"model": "auth.permission", "pk": 4, "fields": {"name": "Can view log entry", "content_type": 1, "codename": "view_logentry"}}, {"model": "auth.permission", "pk": 5, "fields": {"name": "Can add permission", "content_type": 2, "codename": "add_permission"}}, {"model": "auth.permission", "pk": 6, "fields": {"name": "Can change permission", "content_type": 2, "codename": "change_permission"}}, {"model": "auth.permission", "pk": 7, "fields": {"name": "Can delete permission", "content_type": 2, "codename": "delete_permission"}}, {"model": "auth.permission", "pk": 8, "fields": {"name": "Can view permission", "content_type": 2, "codename": "view_permission"}}, {"model": "auth.permission", "pk": 9, "fields": {"name": "Can add group", "content_type": 3, "codename": "add_group"}}, {"model": "auth.permission", "pk": 10, "fields": {"name": "Can change group", "content_type": 3, "codename": "change_group"}}, {"model": "auth.permission", "pk": 11, "fields": {"name": "Can delete group", "content_type": 3, "codename": "delete_group"}}, {"model": "auth.permission", "pk": 12, "fields": {"name": "Can view group", "content_type": 3, "codename": "view_group"}}, {"model": "auth.permission", "pk": 13, "fields": {"name": "Can add user", "content_type": 4, "codename": "add_user"}}, {"model": "auth.permission", "pk": 14, "fields": {"name": "Can change user", "content_type": 4, "codename": "change_user"}}, {"model": "auth.permission", "pk": 15, "fields": {"name": "Can delete user", "content_type": 4, "codename": "delete_user"}}, {"model": "auth.permission", "pk": 16, "fields": {"name": "Can view user", "content_type": 4, "codename": "view_user"}}, {"model": "auth.permission", "pk": 17, "fields": {"name": "Can add content type", "content_type": 5, "codename": "add_contenttype"}}, {"model": "auth.permission", "pk": 18, "fields": {"name": "Can change content type", "content_type": 5, "codename": "change_contenttype"}}, {"model": "auth.permission", "pk": 19, "fields": {"name": "Can delete content type", "content_type": 5, "codename": "delete_contenttype"}}, {"model": "auth.permission", "pk": 20, "fields": {"name": "Can view content type", "content_type": 5, "codename": "view_contenttype"}}, {"model": "auth.permission", "pk": 21, "fields": {"name": "Can add session", "content_type": 6, "codename": "add_session"}}, {"model": "auth.permission", "pk": 22, "fields": {"name": "Can change session", "content_type": 6, "codename": "change_session"}}, {"model": "auth.permission", "pk": 23, "fields": {"name": "Can delete session", "content_type": 6, "codename": "delete_session"}}, {"model": "auth.permission", "pk": 24, "fields": {"name": "Can view session", "content_type": 6, "codename": "view_session"}}, {"model": "auth.permission", "pk": 25, "fields": {"name": "Can add shelter", "content_type": 7, "codename": "add_shelter"}}, {"model": "auth.permission", "pk": 26, "fields": {"name": "Can change shelter", "content_type": 7, "codename": "change_shelter"}}, {"model": "auth.permission", "pk": 27, "fields": {"name": "Can delete shelter", "content_type": 7, "codename": "delete_shelter"}}, {"model": "auth.permission", "pk": 28, "fields": {"name": "Can view shelter", "content_type": 7, "codename": "view_shelter"}}, {"model": "auth.permission", "pk": 29, "fields": {"name": "Can add seeker", "content_type": 8, "codename": "add_seeker"}}, {"model": "auth.permission", "pk": 30, "fields": {"name": "Can change seeker", "content_type": 8, "codename": "change_seeker"}}, {"model": "auth.permission", "pk": 31, "fields": {"name": "Can delete seeker", "content_type": 8, "codename": "delete_seeker"}}, {"model": "auth.permission", "pk": 32, "fields": {"name": "Can view seeker", "content_type": 8, "codename": "view_seeker"}}, {"model": "auth.permission", "pk": 33, "fields": {"name": "Can add comment", "content_type": 9, "codename": "add_comment"}}, {"model": "auth.permission", "pk": 34, "fields": {"name": "Can change comment", "content_type": 9, "codename": "change_comment"}}, {"model": "auth.permission", "pk": 35, "fields": {"name": "Can delete comment", "content_type": 9, "codename": "delete_comment"}}, {"model": "auth.permission", "pk": 36, "fields": {"name": "Can view comment", "content_type": 9, "codename": "view_comment"}}, {"model": "auth.permission", "pk": 37, "fields": {"name": "Can add application comment", "content_type": 10, "codename": "add_applicationcomment"}}, {"model": "auth.permission", "pk": 38, "fields": {"name": "Can change application comment", "content_type": 10, "codename": "change_applicationcomment"}}, {"model": "auth.permission", "pk": 39, "fields": {"name": "Can delete application comment", "content_type": 10, "codename": "delete_applicationcomment"}}, {"model": "auth.permission", "pk": 40, "fields": {"name": "Can view application comment", "content_type": 10, "codename": "view_applicationcomment"}}, {"model": "auth.permission", "pk": 41, "fields": {"name": "Can add notification", "content_type": 11, "codename": "add_notification"}}, {"model": "auth.permission", "pk": 42, "fields": {"name": "Can change notification", "content_type": 11, "codename": "change_notification"}}, {"model": "auth.permission", "pk": 43, "fields": {"name": "Can delete notification", "content_type": 11, "codename": "delete_notification"}}, {"model": "auth.permission", "pk": 44, "fields": {"name": "Can view notification", "content_type": 11, "codename": "view_notification"}}, {"model": "auth.permission", "pk": 45, "fields": {"name": "Can add comment notification", "content_type": 12, "codename": "add_commentnotification"}}, {"model": "auth.permission", "pk": 46, "fields": {"name": "Can change comment notification", "content_type": 12, "codename": "change_commentnotification"}}, {"model": "auth.permission", "pk": 47, "fields": {"name": "Can delete comment notification", "content_type": 12, "codename": "delete_commentnotification"}}, {"model": "auth.permission", "pk": 48, "fields": {"name": "Can view comment notification", "content_type": 12, "codename": "view_commentnotification"}}, {"model": "auth.permission", "pk": 49, "fields": {"name": "Can add application notification", "content_type": 13, "codename": "add_applicationnotification"}}, {"model": "auth.permission", "pk": 50, "fields": {"name": "Can change application notification", "content_type": 13, "codename": "change_applicationnotification"}}, {"model": "auth.permission", "pk": 51, "fields": {"name": "Can delete application notification", "content_type": 13, "codename": "delete_applicationnotification"}}, {"model": "auth.permission", "pk": 52, "fields": {"name": "Can view application notification", "content_type": 13, "codename": "view_applicationnotification"}}, {"model": "auth.permission", "pk": 53, "fields": {"name": "Can add application comment notification", "content_type": 14, "codename": "add_applicationcommentnotification"}}, {"model": "auth.permission", "pk": 54, "fields": {"name": "Can change application comment notification", "content_type": 14, "codename": "change_applicationcommentnotification"}}, {"model": "auth.permission", "pk": 55, "fields": {"name": "Can delete application comment notification", "content_type": 14, "codename": "delete_applicationcommentnotification"}}, {"model": "auth.permission", "pk": 56, "fields": {"name": "Can view application comment notification", "content_type": 14, "codename": "view_applicationcommentnotification"}}, {"model": "auth.permission", "pk": 57, "fields": {"name": "Can add pet", "content_type": 15, "codename": "add_pet"}}, {"model": "auth.permission", "pk": 58, "fields": {"name": "Can change pet", "content_type": 15, "codename": "change_pet"}}, {"model": "auth.permission", "pk": 59, "fields": {"name": "Can delete pet", "content_type": 15, "codename": "delete_pet"}}, {"model": "auth.permission", "pk": 60, "fields": {"name": "Can view pet", "content_type": 15, "codename": "view_pet"}}, {"model": "auth.permission", "pk": 61, "fields": {"name": "Can add application", "content_type": 16, "codename": "add_application"}}, {"model": "auth.permission", "pk": 62, "fields": {"name": "Can change application", "content_type": 16, "codename": "change_application"}}, {"model": "auth.permission", "pk": 63, "fields": {"name": "Can delete application", "content_type": 16, "codename": "delete_application"}}, {"model": "auth.permission", "pk": 64, "fields": {"name": "Can view application", "content_type": 16, "codename": "view_application"}}, {"model": "auth.user", "pk": 1, "fields": {"password": "pbkdf2_sha256$600000$fCuFXl4L7AZwwVwKMgkgKu$7gc2G6IsypIQ4yJvfLtblpSriQe2ZFwss/Wk4oOHyJA=", "last_login": "2023-11-22T19:16:11.589Z", "is_superuser": true, "username": "admin", "first_name": "", "last_name": "", "email": "", "is_staff": true, "is_active": true, "date_joined": "2023-11-21T22:23:40.219Z", "groups": [], "user_permissions": []}}, {"model": "auth.user", "pk": 2, "fields": {"password": "pbkdf2_sha256$600000$F8QcT6EQbH5sYEM22ueNTk$ZhO/y01Ka2z68mJWoK90vw7JGnwulamUYtWlJ7Oxdho=", "last_login": null, "is_superuser": false, "username": "user1", "first_name": "", "last_name": "", "email": "", "is_staff": false, "is_active": true, "date_joined": "2023-11-21T22:35:36.639Z", "groups": [], "user_permissions": []}}, {"model": "auth.user", "pk": 3, "fields": {"password": "pbkdf2_sha256$600000$2p6hJjyRQ0aVjC4jurPPxf$kQi1T6Julg4A9wHoJK+kRKTpiFMUyAh+G60xBs/VsYQ=", "last_login": null, "is_superuser": false, "username": "user2", "first_name": "", "last_name": "", "email": "", "is_staff": false, "is_active": true, "date_joined": "2023-11-21T22:36:13.659Z", "groups": [], "user_permissions": []}}, {"model": "auth.user", "pk": 4, "fields": {"password": "pbkdf2_sha256$600000$ocjtqNYGIdFOaKYVBFwCKY$D6bfkBn0gSr8HpyqXV8Q9ei9/xfLSMG8VauySVxgOXk=", "last_login": null, "is_superuser": false, "username": "user3", "first_name": "", "last_name": "", "email": "", "is_staff": false, "is_active": true, "date_joined": "2023-11-21T22:36:19.295Z", "groups": [], "user_permissions": []}}, {"model": "auth.user", "pk": 5, "fields": {"password": "pbkdf2_sha256$600000$PSyTJRZxVzK6LYXUkQ4dNG$H7OESnbBsdY64TprMysu5TPm4ue/w4+ArCa4v9BkiBA=", "last_login": null, "is_superuser": false, "username": "user4", "first_name": "", "last_name": "", "email": "", "is_staff": false, "is_active": true, "date_joined": "2023-11-21T22:36:37.560Z", "groups": [], "user_permissions": []}}, {"model": "auth.user", "pk": 6, "fields": {"password": "pbkdf2_sha256$600000$7xO1677tAfq6Py1GNasmel$8Y/5gLYG+3jlKWEX2LNBlqXQmuzFxKhqa6JIQe0tZS4=", "last_login": null, "is_superuser": false, "username": "user5", "first_name": "", "last_name": "", "email": "", "is_staff": false, "is_active": true, "date_joined": "2023-11-21T22:36:44.231Z", "groups": [], "user_permissions": []}}, {"model": "contenttypes.contenttype", "pk": 1, "fields": {"app_label": "admin", "model": "logentry"}}, {"model": "contenttypes.contenttype", "pk": 2, "fields": {"app_label": "auth", "model": "permission"}}, {"model": "contenttypes.contenttype", "pk": 3, "fields": {"app_label": "auth", "model": "group"}}, {"model": "contenttypes.contenttype", "pk": 4, "fields": {"app_label": "auth", "model": "user"}}, {"model": "contenttypes.contenttype", "pk": 5, "fields": {"app_label": "contenttypes", "model": "contenttype"}}, {"model": "contenttypes.contenttype", "pk": 6, "fields": {"app_label": "sessions", "model": "session"}}, {"model": "contenttypes.contenttype", "pk": 7, "fields": {"app_label": "accounts", "model": "shelter"}}, {"model": "contenttypes.contenttype", "pk": 8, "fields": {"app_label": "accounts", "model": "seeker"}}, {"model": "contenttypes.contenttype", "pk": 9, "fields": {"app_label": "comment", "model": "comment"}}, {"model": "contenttypes.contenttype", "pk": 10, "fields": {"app_label": "comment", "model": "applicationcomment"}}, {"model": "contenttypes.contenttype", "pk": 11, "fields": {"app_label": "notification", "model": "notification"}}, {"model": "contenttypes.contenttype", "pk": 12, "fields": {"app_label": "notification", "model": "commentnotification"}}, {"model": "contenttypes.contenttype", "pk": 13, "fields": {"app_label": "notification", "model": "applicationnotification"}}, {"model": "contenttypes.contenttype", "pk": 14, "fields": {"app_label": "notification", "model": "applicationcommentnotification"}}, {"model": "contenttypes.contenttype", "pk": 15, "fields": {"app_label": "pet", "model": "pet"}}, {"model": "contenttypes.contenttype", "pk": 16, "fields": {"app_label": "pet", "model": "application"}}, {"model": "sessions.session", "pk": "gt0zm8ve0hustj6d4xy6866ag7ggvneq", "fields": {"session_data": ".eJxVjMsOwiAQRf-FtSEwlEdduvcbyAwDUjU0Ke3K-O_apAvd3nPOfYmI21rj1vMSJxZnocXpdyNMj9x2wHdst1mmua3LRHJX5EG7vM6cn5fD_Tuo2Ou3dmSdNinwyKXYQgAUfCDOmGAwWufiFSKqNDCCNy4EQITRGSBWFlm8P_6HOH0:1r5ZA1:PW7pf27tK97oYH1deKegsko-ZPwc4q4_Gg1pvG--MkY", "expire_date": "2023-12-05T22:24:01.020Z"}}, {"model": "sessions.session", "pk": "m384lamlvfc5c8oosx059bd12k8d5w15", "fields": {"session_data": ".eJxVjMsOwiAQRf-FtSEwlEdduvcbyAwDUjU0Ke3K-O_apAvd3nPOfYmI21rj1vMSJxZnocXpdyNMj9x2wHdst1mmua3LRHJX5EG7vM6cn5fD_Tuo2Ou3dmSdNinwyKXYQgAUfCDOmGAwWufiFSKqNDCCNy4EQITRGSBWFlm8P_6HOH0:1r5shn:yoriOU1QrO4WRJyTzalQBu7UeFnxA6vv7bAejUbzZm0", "expire_date": "2023-12-06T19:16:11.590Z"}}, {"model": "sessions.session", "pk": "nzwv9q3flab36f8fjucnao71lh3q7erl", "fields": {"session_data": ".eJxVjMsOwiAQRf-FtSEwlEdduvcbyAwDUjU0Ke3K-O_apAvd3nPOfYmI21rj1vMSJxZnocXpdyNMj9x2wHdst1mmua3LRHJX5EG7vM6cn5fD_Tuo2Ou3dmSdNinwyKXYQgAUfCDOmGAwWufiFSKqNDCCNy4EQITRGSBWFlm8P_6HOH0:1r5bQN:T4WSLI4e0oHToRBQxJAHyQZecY264PXk1NX348CvivU", "expire_date": "2023-12-06T00:49:03.833Z"}}, {"model": "accounts.seeker", "pk": 1, "fields": {"user": 2, "first_name": "Seeker1", "last_name": "Seeker1", "email": "seeker1@seeker.com", "phone_number": "0987654321", "description": "I am seeker #1.", "address": "1 seeker st.", "age": 45, "profile_image": "seeker_profile/image.png"}}, {"model": "accounts.seeker", "pk": 2, "fields": {"user": 3, "first_name": "Seeker2", "last_name": "Seeker2", "email": "seeker2@seeker.com", "phone_number": "", "description": "I am seeker # 2.", "address": "321 seeker st.", "age": 95, "profile_image": ""}}, {"model": "accounts.shelter", "pk": 1, "fields": {"user": 4, "shelter_name": "Shelter1", "email": "shelter1@shelter.com", "phone_number": "1234567890", "description": "I am shelter #1", "address": "0 shelter ave", "website": "http://www.shelter1.com", "shelter_image": ""}}, {"model": "accounts.shelter", "pk": 2, "fields": {"user": 5, "shelter_name": "Shelter2", "email": "shelter2@shelter.com", "phone_number": "", "description": "I am shelter #2", "address": "2 shelter rd.", "website": "http://www.shelter2.com", "shelter_image": ""}}, {"model": "accounts.shelter", "pk": 3, "fields": {"user": 6, "shelter_name": "Shelter3", "email": "shelter3@shelter.com", "phone_number": "", "description": "I am shelter #3", "address": "45 shelter blvd.", "website": "http://www.shelter3.com", "shelter_image": "shelter_profile/download.jpeg"}}, {"model": "comment.comment", "pk": 1, "fields": {"shelter_id": 1, "commenter_id": 6, "rating": 1, "content": "my shelter is better...", "date": "2023-11-21T23:58:06.165Z"}}, {"model": "comment.comment", "pk": 2, "fields": {"shelter_id": 1, "commenter_id": 2, "rating": 5, "content": "great staff and pets", "date": "2023-11-21T23:58:47.221Z"}}, {"model": "comment.comment", "pk": 3, "fields": {"shelter_id": 1, "commenter_id": 3, "rating": 3, "content": "decent", "date": "2023-11-21T23:58:55.855Z"}}, {"model": "comment.comment", "pk": 4, "fields": {"shelter_id": 1, "commenter_id": 5, "rating": 5, "content": "great shelter, we work with them frequently", "date": "2023-11-21T23:59:23.705Z"}}, {"model": "comment.comment", "pk": 5, "fields": {"shelter_id": 1, "commenter_id": 2, "rating": 4, "content": "i like", "date": "2023-11-21T23:59:39.661Z"}}, {"model": "comment.comment", "pk": 6, "fields": {"shelter_id": 1, "commenter_id": 3, "rating": 2, "content": "no!", "date": "2023-11-21T23:59:49.522Z"}}, {"model": "comment.applicationcomment", "pk": 1, "fields": {"sender": 2, "application": 1, "content": "is this animal good with kids?", "date": "2023-11-21T23:55:28.286Z"}}, {"model": "comment.applicationcomment", "pk": 2, "fields": {"sender": 4, "application": 1, "content": "yes this animal is great for that purpose", "date": "2023-11-21T23:56:06.257Z"}}, {"model": "comment.applicationcomment", "pk": 3, "fields": {"sender": 2, "application": 1, "content": "wonderful news, are they a big eater?", "date": "2023-11-21T23:56:20.253Z"}}, {"model": "comment.applicationcomment", "pk": 4, "fields": {"sender": 4, "application": 1, "content": "NOT REALLY!", "date": "2023-11-21T23:56:28.504Z"}}, {"model": "comment.applicationcomment", "pk": 5, "fields": {"sender": 2, "application": 1, "content": "okokoko", "date": "2023-11-21T23:56:36.159Z"}}, {"model": "comment.applicationcomment", "pk": 6, "fields": {"sender": 4, "application": 1, "content": "bye bye", "date": "2023-11-21T23:56:41.787Z"}}, {"model": "notification.notification", "pk": 1, "fields": {"user": 4, "content": "user1 left a comment on an application for john.", "timestamp": "2023-11-22T00:41:16.983Z", "read_status": false, "type": "application_comment"}}, {"model": "notification.notification", "pk": 2, "fields": {"user": 2, "content": "user3 left a comment on an application for john.", "timestamp": "2023-11-22T00:43:32.552Z", "read_status": false, "type": "application_comment"}}, {"model": "notification.notification", "pk": 3, "fields": {"user": 4, "content": "Shelter3 left a comment on your shelter.", "timestamp": "2023-11-22T00:47:35.984Z", "read_status": false, "type": "comment"}}, {"model": "notification.notification", "pk": 5, "fields": {"user": 4, "content": "Seeker1 Seeker1 submitted an application for your pet john.", "timestamp": "2023-11-22T00:51:23.151Z", "read_status": false, "type": "application"}}, {"model": "notification.notification", "pk": 6, "fields": {"user": 4, "content": "Seeker1 Seeker1 withdrew their application for your pet fireball.", "timestamp": "2023-11-22T00:51:40.198Z", "read_status": false, "type": "application"}}, {"model": "notification.notification", "pk": 7, "fields": {"user": 2, "content": "Shelter1 accepted your application for their pet Chopper.", "timestamp": "2023-11-22T00:53:21.865Z", "read_status": false, "type": "application"}}, {"model": "notification.notification", "pk": 8, "fields": {"user": 3, "content": "Shelter2 rejected your application for their pet franklin.", "timestamp": "2023-11-22T00:54:12.992Z", "read_status": false, "type": "application"}}, {"model": "notification.commentnotification", "pk": 3, "fields": {"comment": 1}}, {"model": "notification.applicationcommentnotification", "pk": 1, "fields": {"application_comment": 1}}, {"model": "notification.applicationcommentnotification", "pk": 2, "fields": {"application_comment": 2}}, {"model": "notification.applicationnotification", "pk": 5, "fields": {"application": 1}}, {"model": "notification.applicationnotification", "pk": 6, "fields": {"application": 4}}, {"model": "notification.applicationnotification", "pk": 7, "fields": {"application": 2}}, {"model": "notification.applicationnotification", "pk": 8, "fields": {"application": 7}}, {"model": "pet.pet", "pk": 1, "fields": {"shelter": 1, "animal": "dog", "breed": "poodle", "name": "john", "vaccine_status": null, "caretaker": "baker", "description": "a cool dog", "allow_notifs": true, "birthday": null, "listed": "2023-11-21T23:25:05.805Z", "size": "small", "gender": "male", "color": "red", "status": "available", "profile_image": "pet_profile/white-poodle-playing-in-the-yard--182178740-59af2b3fc4124400107c9da3.jpg"}}, {"model": "pet.pet", "pk": 2, "fields": {"shelter": 1, "animal": "Reindeer", "breed": null, "name": "Chopper", "vaccine_status": null, "caretaker": null, "description": "tony tony chopper boku wa doctaaaa", "allow_notifs": true, "birthday": null, "listed": "2023-11-21T23:26:11.102Z", "size": "small", "gender": "male", "color": "brown", "status": "withdrawn", "profile_image": ""}}, {"model": "pet.pet", "pk": 3, "fields": {"shelter": 1, "animal": "dog", "breed": "poodle", "name": "luna", "vaccine_status": null, "caretaker": null, "description": "this is a dog", "allow_notifs": true, "birthday": null, "listed": "2023-11-21T23:26:44.164Z", "size": "medium", "gender": "female", "color": "white", "status": "adopted", "profile_image": ""}}, {"model": "pet.pet", "pk": 4, "fields": {"shelter": 1, "animal": "dog", "breed": "pitbull", "name": "fireball", "vaccine_status": null, "caretaker": null, "description": "mr worldwide", "allow_notifs": true, "birthday": null, "listed": "2023-11-21T23:27:38.507Z", "size": "large", "gender": "other", "color": "brown", "status": "available", "profile_image": ""}}, {"model": "pet.pet", "pk": 5, "fields": {"shelter": 2, "animal": "cat", "breed": "persian", "name": "garfield", "vaccine_status": null, "caretaker": null, "description": "lasagna", "allow_notifs": true, "birthday": null, "listed": "2023-11-21T23:28:08.629Z", "size": "large", "gender": "male", "color": "orange", "status": "available", "profile_image": ""}}, {"model": "pet.pet", "pk": 6, "fields": {"shelter": 2, "animal": "cat", "breed": "tuxedo", "name": "mib", "vaccine_status": null, "caretaker": null, "description": "men in black", "allow_notifs": true, "birthday": null, "listed": "2023-11-21T23:28:35.343Z", "size": "medium", "gender": "female", "color": "black", "status": "available", "profile_image": ""}}, {"model": "pet.pet", "pk": 7, "fields": {"shelter": 2, "animal": "turtle", "breed": null, "name": "franklin", "vaccine_status": null, "caretaker": null, "description": "tvo kids", "allow_notifs": true, "birthday": null, "listed": "2023-11-21T23:29:28.380Z", "size": "large", "gender": "male", "color": "green", "status": "available", "profile_image": ""}}, {"model": "pet.pet", "pk": 8, "fields": {"shelter": 2, "animal": "lion", "breed": null, "name": "simba", "vaccine_status": null, "caretaker": null, "description": "aweemba wep", "allow_notifs": true, "birthday": "2023-05-18", "listed": "2023-11-21T23:30:46.065Z", "size": "small", "gender": "male", "color": "yellow", "status": "available", "profile_image": ""}}, {"model": "pet.pet", "pk": 9, "fields": {"shelter": 3, "animal": "rabbit", "breed": null, "name": "max", "vaccine_status": "DHLPP, Rabies", "caretaker": null, "description": "a nice rabbit", "allow_notifs": true, "birthday": null, "listed": "2023-11-21T23:32:35.274Z", "size": "medium", "gender": "female", "color": "white", "status": "available", "profile_image": ""}}, {"model": "pet.pet", "pk": 10, "fields": {"shelter": 3, "animal": "hamster", "breed": null, "name": "hammy", "vaccine_status": null, "caretaker": "john", "description": "a cool hamster", "allow_notifs": true, "birthday": "2023-11-01", "listed": "2023-11-21T23:33:11.418Z", "size": "small", "gender": "female", "color": "brown", "status": "available", "profile_image": ""}}, {"model": "pet.pet", "pk": 11, "fields": {"shelter": 3, "animal": "panda", "breed": "kung fu", "name": "po", "vaccine_status": null, "caretaker": "shifu", "description": "kung fu panda", "allow_notifs": true, "birthday": "2023-04-10", "listed": "2023-11-21T23:34:02.459Z", "size": "large", "gender": "male", "color": "white", "status": "available", "profile_image": ""}}, {"model": "pet.pet", "pk": 12, "fields": {"shelter": 3, "animal": "turtle", "breed": null, "name": "oogway", "vaccine_status": null, "caretaker": null, "description": "master oogway", "allow_notifs": true, "birthday": null, "listed": "2023-11-21T23:35:24.642Z", "size": "medium", "gender": "male", "color": "green", "status": "available", "profile_image": ""}}, {"model": "pet.pet", "pk": 13, "fields": {"shelter": 1, "animal": "bear", "breed": null, "name": "bad", "vaccine_status": null, "caretaker": null, "description": "we dont like this pet", "allow_notifs": true, "birthday": null, "listed": "2023-11-21T23:37:17.804Z", "size": "large", "gender": "female", "color": "brown", "status": "available", "profile_image": ""}}, {"model": "pet.application", "pk": 1, "fields": {"seeker": 1, "preferred_contact": "email", "description": "I want this pet", "pet": 1, "created_date": "2023-11-21T23:46:39.166Z", "modified_date": "2023-11-21T23:56:41.786Z", "status": "pending"}}, {"model": "pet.application", "pk": 2, "fields": {"seeker": 1, "preferred_contact": "email", "description": "desc", "pet": 2, "created_date": "2023-11-21T23:46:54.999Z", "modified_date": "2023-11-21T23:46:54.999Z", "status": "accepted"}}, {"model": "pet.application", "pk": 3, "fields": {"seeker": 1, "preferred_contact": "email", "description": "asd", "pet": 3, "created_date": "2023-11-21T23:50:22.090Z", "modified_date": "2023-11-21T23:50:22.090Z", "status": "denied"}}, {"model": "pet.application", "pk": 4, "fields": {"seeker": 1, "preferred_contact": "phone", "description": "dsadsada", "pet": 4, "created_date": "2023-11-21T23:51:03.110Z", "modified_date": "2023-11-21T23:51:03.110Z", "status": "withdrawn"}}, {"model": "pet.application", "pk": 5, "fields": {"seeker": 2, "preferred_contact": "email", "description": "hello", "pet": 5, "created_date": "2023-11-21T23:51:16.069Z", "modified_date": "2023-11-21T23:51:16.069Z", "status": "pending"}}, {"model": "pet.application", "pk": 6, "fields": {"seeker": 2, "preferred_contact": "email", "description": "dsad", "pet": 6, "created_date": "2023-11-21T23:51:26.262Z", "modified_date": "2023-11-21T23:51:26.262Z", "status": "accepted"}}, {"model": "pet.application", "pk": 7, "fields": {"seeker": 2, "preferred_contact": "phone", "description": "dd", "pet": 7, "created_date": "2023-11-21T23:51:37.108Z", "modified_date": "2023-11-21T23:51:37.108Z", "status": "denied"}}, {"model": "pet.application", "pk": 8, "fields": {"seeker": 2, "preferred_contact": "phone", "description": "abcdef", "pet": 8, "created_date": "2023-11-21T23:51:49.865Z", "modified_date": "2023-11-21T23:51:49.866Z", "status": "withdrawn"}}, {"model": "pet.application", "pk": 9, "fields": {"seeker": 2, "preferred_contact": "email", "description": "dsadsad", "pet": 13, "created_date": "2023-11-21T23:54:11.769Z", "modified_date": "2023-11-21T23:54:11.769Z", "status": "pending"}}, {"model": "pet.application", "pk": 10, "fields": {"seeker": 2, "preferred_contact": "email", "description": "application", "pet": 1, "created_date": "2023-11-22T19:16:32.279Z", "modified_date": "2023-11-22T19:16:32.279Z", "status": "pending"}}, {"model": "pet.application", "pk": 11, "fields": {"seeker": 2, "preferred_contact": "email", "description": "app", "pet": 2, "created_date": "2023-11-22T19:16:45.702Z", "modified_date": "2023-11-22T19:16:45.702Z", "status": "pending"}}, {"model": "pet.application", "pk": 12, "fields": {"seeker": 2, "preferred_contact": "phone", "description": "dd", "pet": 3, "created_date": "2023-11-22T19:16:55.482Z", "modified_date": "2023-11-22T19:16:55.482Z", "status": "pending"}}]